{"indexes":[{"v":{"$numberInt":"2"},"key":{"_id":{"$numberInt":"1"}},"name":"_id_"},{"v":{"$numberInt":"2"},"key":{"status":{"$numberInt":"1"}},"name":"status_1","background":true},{"v":{"$numberInt":"2"},"key":{"referenceNo":{"$numberInt":"1"}},"name":"referenceNo_1","background":true,"unique":true},{"v":{"$numberInt":"2"},"key":{"transaction_id":{"$numberInt":"1"}},"name":"transaction_id_1","background":true,"unique":true},{"v":{"$numberInt":"2"},"key":{"is_active":{"$numberInt":"1"}},"name":"is_active_1","background":true},{"v":{"$numberInt":"2"},"key":{"paymentStatus":{"$numberInt":"1"}},"name":"paymentStatus_1","background":true},{"v":{"$numberInt":"2"},"key":{"userId":{"$numberInt":"1"}},"name":"userId_1","background":true}],"uuid":"bfb875db9f914bee8f9d16e789393268","collectionName":"transactions","type":"collection"}