{"indexes":[{"v":{"$numberInt":"2"},"key":{"_id":{"$numberInt":"1"}},"name":"_id_"},{"v":{"$numberInt":"2"},"key":{"first_name":{"$numberInt":"1"}},"name":"first_name_1","background":true},{"v":{"$numberInt":"2"},"key":{"last_name":{"$numberInt":"1"}},"name":"last_name_1","background":true},{"v":{"$numberInt":"2"},"key":{"email":{"$numberInt":"1"}},"name":"email_1","background":true,"unique":true},{"v":{"$numberInt":"2"},"key":{"mobile":{"$numberInt":"1"}},"name":"mobile_1","background":true,"unique":true},{"v":{"$numberInt":"2"},"key":{"subscription.transaction_id":{"$numberInt":"1"}},"name":"subscription.transaction_id_1","background":true},{"v":{"$numberInt":"2"},"key":{"subscription.planId":{"$numberInt":"1"}},"name":"subscription.planId_1","background":true},{"v":{"$numberInt":"2"},"key":{"email":{"$numberInt":"1"},"mobile":{"$numberInt":"1"}},"name":"email_1_mobile_1","background":true}],"uuid":"d77d4547dea6422b93fe558a924eb084","collectionName":"users","type":"collection"}