{"indexes":[{"v":{"$numberInt":"2"},"key":{"_id":{"$numberInt":"1"}},"name":"_id_"},{"v":{"$numberInt":"2"},"key":{"userId":{"$numberInt":"1"}},"name":"userId_1","background":true,"unique":true},{"v":{"$numberInt":"2"},"key":{"domain":{"$numberInt":"1"}},"name":"domain_1","background":true,"unique":true},{"v":{"$numberInt":"2"},"key":{"is_website_published":{"$numberInt":"1"}},"name":"is_website_published_1","background":true},{"v":{"$numberInt":"2"},"key":{"is_website_active":{"$numberInt":"1"}},"name":"is_website_active_1","background":true}],"uuid":"6a2cc965b63d44a98f502993e211eb54","collectionName":"webcontents","type":"collection"}